96385;0;Tighteners SC444;screws;96385;8529;20;0;3.99;15;200
46723;10013;Tighteners BI492;screws;46723;6542;30;1;2.99;25;500
29082;20026;Tighteners ET120;screws;29082;8529;10;0;5.99;3;20
11282;30039;Tighteners XM478;screws;11282;6542;25;0;4.99;15;70
74837;30039;Screwballs BH460;screws;74837;8529;50;3;6.99;25;100
46195;10013;Screwballs Ztgg4;screws;46195;6542;2;0;43.00;30;123
02713;30039;Screwballs Awo17;screws;02713;8529;3;0;3.99;22;85
12106;10013;Screwballs rYIEy;screws;12106;8529;20;5;3.88;13;53
28379;20026;Smiths Hardware TwWt8;screws;28379;6542;20;0;10.00;10;120
44234;20026;Smiths Hardware Zpeif;screws;44234;6542;7;0;14.00;5;50
33654;10013;ResistEmAll RS545;resistors;33654;8529;34;0;4.99;50;1000
57585;0;Piece de Resistance ZX978;resistors;57585;8496;12;0;2.99;35;500
12083;20026;Piece de Resistance IU478;resistors;8526;9;0;12083;5.99;16;120
08229;10013;Piece de Resistance MP239;resistors;8529;17;0;08229;9.00;16;300
02002;30039;ResistEmAll GY840;resistors;02002;3564;30;4;2.44;40;657
11771;0;Kens Resistors CN333;resistors;11771;8529;1;0;5.99;32;471
29762;20026;Kens Resistors SSS49;resistors;29762;8496;23;0;15.34;13;64
20121;10013;Kens Resistors EG503;resistors;20121;8529;23;0;50.64;25;189
17177;0;ResistEmAll IE774;resistors;17177;8496;15;0;90.99;2;2
44455;30039;Kens Resistors PY420;resistors;44455;8529;18;0;9.33;21;246
45632;10013;Grandsla SL782;solering_tools;45632;6542;25;0;15.99;20;200
57389;10013;MC Soldering BB444;soldering_tools;57389;3564;25;0;25.99;12;150
25892;10013;MC Soldering ZXI99;soldering_tools;25892;3564;12;0;9.99;35;400
46722;20026;MC Soldering JX000;soldering_tools;46722;6542;8;1;10.99;43;567
12120;0;Grandsla TY412;soldering_tools;12120;8529;18;0;32.00;14;127
19000;10013;Grandsla ZM993;soldering_tools;19000;3564;31;3;36.99;21;300
84293;30039;MC Soldering HI849;soldering_tools;84293;8529;14;0;34.02;4;50
44804;20026;Grandsla HX224;soldering_tools;44804;6542;17;1;32.99;9;75
69603;10013;Solder Zone Pwzd8;soldering_tools;69603;3564;20;6;49.99;28;399
23279;30039;Solder Zone Pzxg5;soldering_tools;23279;3564;2;0;32.48;29;390
55526;10013;Cremator SW221;soldering_wire;55526;8496;20;2;13.99;12;120
69388;30039;Cremator VN882;soldering_wire;69388;8529;25;2;14.99;20;300
52236;0;Workman MZ957;soldering_wire;52236;6542;10;0;10.99;23;234
57531;0;Workman ZO441;soldering_wire;57531;6542;4;13;10.99;11;99
22364;30039;Workman OQ482;soldering_wire;22364;8529;5;0;15.99;49;512
02800;0;Cremator XZU70;soldering_wire;02800;8529;15;0;40.99;35;360
20221;0;MC Soldering SolderSoldier ZX;soldering_wire;20221;8529;34;5;34.99;5;25
02767;10013;MC Soldering SolderSoldier ZY;soldering_wire;02767;3564;26;1;29.99;34;687
24621;0;MC Soldering SolderGeneral XX;soldering_wire;24621;8529;19;0;75.00;27;430
43340;0;Workman BH884;soldering_wire;43340;6542;7;12;23.33;12;88
45223;10013;Toolio TL456;tools;45223;3564;0;1;12.99;25;523
85938;0;Toolio GHw20;tools;85938;8526;10;1;220.00;12;302
58394;10013;Toolio GX340;tools;58394;6542;25;0;10.99;7;29
24667;20026;Toolio MB908;tools;24667;8529;34;4;12.99;8;8
67696;10013;Tooltec IL888;tools;67696;3564;15;1;15.00;24;379
14533;30039;Tooltec TY894;tools;14533;6542;9;3;43.39;41;777
39726;0;Tooltec VH080;tools;39726;8529;28;0;25.99;15;201
26382;0;Workman WY236;tools;26382;3564;28;1;30.04;19;265
27444;10013;Workman MO493;tools;27444;6542;19;13;10.99;23;265
22925;0;Workman YPW58;tools;22925;6542;4;0;3.99;0;0
12589;30039;Trodius WE767;wire;12589;8529;20;5;19.99;12;323
58958;20026;Sownd 10013;wire;58958;8529;18;0;23.00;1;12
52344;10013;Sownd BI909;wire;52344;8529;9;0;20.12;24;490
34209;0;Trodius QWgDI;wire;34209;6542;1;1;9.99;31;721
48939;10013;Trodius AASDF;wire;48939;3564;8;1;12.99;13;222
60690;20026;Sownd GHDSI;wire;60690;6542;34;0;11.01;9;66
58660;30039;Wire King Big Wire;wire;58660;8529;24;1;34.99;32;333
50609;30039;Wire King Bigger Wire;wire;50609;3564;25;2;45.99;3;50
23326;0;Wire King Carbon X00;wire;23326;8526;16;1;4.99;48;877
13334;10013;Wire King Zinc Z00;wire;13334;8526;4;5;4.59;40;751
32222;30039;Electrus CR322;batteries;32222;8529;12;0;4.99;11;200
32452;10013;Primus A123;batteries;32452;6542;10;0;03.99;12;200
48924;30039;Electrus HG589;batteries;48924;8529;15;0;10.00;1;4
24345;10013;Electrus ASG69;batteries;24345;6542;9;0;49.99;30;321
37287;0;Primus BYS44;batteries;37287;8529;39;0;20.00;19;487
86964;0;Primus BAS49;batteries;86964;8496;14;0;24.49;15;226
27847;30039;Fragicel PowerLad;batteries;27847;8529;28;1;123.32;8;176
23409;0;Fragicel PowerLass;batteries;23409;8529;12;0;12.21;18;388
59600;20026;Primus GBH90;batteries;59600;8529;45;0;59.90;29;500
76985;10013;Electrus BNX23;batteries;76985;8529;35;1;20.00;26;484
42532;0;Mareket SMB123;battery_chargers;42532;8529;25;0;29.99;12;400
05820;10013;Fragicel ChargyLad;battery_chargers;05820;8529;12;0;30.00;15;350
52029;0;Fragicel ChargyLass;battery_chargers;52029;3564;9;1;12.99;19;496
72239;20026;Mareket SAS49;battery_chargers;72239;3564;3;1;29.99;24;518
29305;10013;Mareket GGI5000;battery_chargers;29305;3564;13;0;20.20;10;169
23543;0;CVA RITWQ;battery_chargers;23543;8529;17;0;100.00;7;75
49090;20026;CVA QIWER;battery_chargers;49090;6542;24;2;140.00;17;78
58579;0;CVA IGOQP;battery_chargers;58579;8496;31;1;1550.00;22;50
11225;20026;Mareket BID430;battery_chargers;11225;3564;16;1;40.00;20;300
43223;30039;CVA DBUDF;battery_chargers;43223;8529;11;5;30.00;27;375
52416;30039;Lightums UM32;bulbs;52416;8529;34;2;2.99;30;595
93938;30039;Sunbright Lights GH48;bulbs;93938;6542;59;4;3.50;50;750
48585;20026;Sunbright Lights IT39;bulbs;48585;8526;61;12;5.00;45;600
58602;20026;Sunbright Lights OO00;bulbs;58602;6542;16;1;4.50;32;463
29038;0;Lightums UM23;bulbs;29038;8496;8;4;2.49;2;19
58000;30039;Sunbright Lights II11;bulbs;58000;3564;16;1;6.99;14;321
10847;0;ShinyLads QAQAQAQAQA;bulbs;10847;3564;29;9;5.00;7;27
67657;10013;ShinyLads KTKTKTKTKT;bulbs;67657;3564;4;0;2000.00;0;1
29402;0;ShinyLads NBNBNBNBNB;bulbs;29402;3564;15;0;120.00;3;21
60098;20026;Lightums IU01;bulbs;60098;6542;12;0;4.49;20;200
54633;10013;Ducky HT254;electrical_tape;54633;8529;12;1;15.99;18;200
68474;20026;Bear FD478;electrical_tape;68474;3564;9;2;11.99;18;145
43957;10013;Bear FT876;electrical_tape;43957;6542;25;3;11.99;8;100
47392;10013;Bear GE678;electrical_tape;47392;6542;24;0;12.99;47;479
57592;30039;TurtleTapes RIH90;electrical_tape;57592;8529;21;0;15.99;31;412
48278;0;TurtleTapes TIE579;electrical_tape;48278;8529;13;0;15.99;21;200
57297;10013;Ducky ER572;electrical_tape;57297;8496;11;1;10.00;21;78
58222;10013;Ducky GH190;electrical_tape;58222;6542;17;0;10.57;14;99
10209;0;Stickmaster StickyLad;electrical_tape;10209;3564;21;0;10.99;18;81
19130;10013;StickMaster StickyLass;electrical_tape;19130;8529;21;1;29.99;10;107
65402;10013;Fandoms HZ847;fans;65402;3564;21;0;35.99;20;200
12095;10013;Fan Gang XX999;fans;12095;6542;13;0;25.99;15;134
57847;0;Fan Gang XX1000;fans;57847;8496;17;0;29.99;12;99
89865;0;Fandoms HZ850;fans;89865;6542;8;2;39.99;18;210
33333;20026;bougiefans BTen;fans;33333;8529;24;1;74.99;24;321
37583;20026;bougiefans BEleven;fans;37583;8496;43;2;79.99;29;400
44111;30039;Fandoms HX900;fans;44111;3564;23;1;44.99;27;430
32132;0;PhantomFans DEXTER;fans;32132;8529;14;3;24.99;10;327
43785;30039;PhantomFans MAC;fans;43785;6542;20;1;34.99;19;240
77533;30039;bougiefans BOne;fans;77533;6542;18;0;54.99;21;261
58988;20026;Fusetec UC14;fuses;58988;8529;45;12;4.99;10;90
43098;0;Fusetec UC16;fuses;43098;3564;51;2;6.99;21;341
23536;20026;FuseFriends ZX5;fuses;23536;8496;34;3;3.95;39;400
66666;10013;Fusemaster Zephyr9;fuses;66666;3564;14;1;.9.99;12;300
59595;30039;Fusemaster Martyr8;fuses;59595;6542;18;0;8.99;9;153
48321;30039;FuseFriends ZZ1;fuses;48321;6542;29;0;5.95;17;311
78363;0;Fusetec UC20;fuses;78363;3564;25;0;9.99;26;396
11229;10013;Fusetec UG21;fuses;11229;3564;22;2;7.99;17;170
77477;30039;FuseFriends ZZ5;fuses;77477;6542;22;5;6.95;41;41
83247;20026;Fusemaster Canyon;fuses;83247;8529;38;7;7.39;31;458
77878;0;Tightwads HS124;heat_shrinks;77878;8496;45;2;16.99;25;240
49987;20026;Tightwads CL293;heat_shrinks;49987;3564;29;1;14.99;21;257
83298;10013;Tightwads CO478;heat_shrinks;83298;8529;35;4;20.00;18;281
82771;30039;Tightwads XZ832;heat_shrinks;82771;8496;21;2;25.99;24;342
75787;20026;Heatguard Shrinkmaster KX1;heat_shrinks;75787;8529;12;0;20.00;7;103
78177;0;Heatguard Shrinkmaster KK1;heat_shrinks;78177;8529;34;0;20.00;13;120
71736;30039;Heatguard Shrinkmaster PR2;heat_shrinks;71736;3564;18;0;25.00;21;178
13787;20026;Heatguard Shrinkmaster OEM7;heat_shrinks;13787;3564;18;2;50.00;35;521
13677;10013;JBM ASBD2;heat_shrinks;13677;8529;28;3;25.38;34;460
98573;0;JBM BXBZ9;heat_shrinks;98573;6542;24;0;58.38;19;196
77989;10013;MSI HK221;heat_sinks;77989;6542;29;2;15.99;7;78
43299;20026;MSI BA230;heat_sinks;43299;6542;28;1;13.99;19;200
89988;30039;MSI AP431;heat_sinks;89988;8496;27;0;20.99;21;180
37814;10013;MSI IH747;heat_sinks;37814;6542;26;0;25.99;28;548
62193;0;MSI EY560;heat_sinks;62193;3564;25;0;15.38;17;231
68917;0;Heatec HU478;heat_sinks;68917;3564;24;0;48.99;23;298
57990;0;Heatec HU838;heat_sinks;57990;3564;23;0;49.99;26;345
41320;10013;Heatec YE584;heat_sinks;41320;6542;22;0;34.99;9;121
71748;20026;Heatec NO312;heat_sinks;71748;3564;21;0;23.00;11;100
73844;30039;Heatec OP239;heat_sinks;73844;6542;20;0;30.00;11;93
55255;10013;Lurkis PT434;potentiometers;55255;8529;21;2;4.99;49;680
42339;30039;Lurkis UY802;potentiometers;42339;6542;20;0;4.00;35;458
77377;10013;Lurkis PI230;potentiometers;77377;8529;22;0;6.99;23;231
98917;30039;Lurkis YH784;potentiometers;98917;6542;23;3;19.99;29;400
81717;30039;Lurkis BG749;potentiometers;81717;6542;25;0;310.95;34;457
71277;0;Potentec IY761;potentiometers;71277;8529;21;4;20.33;33;333
43676;20026;Potentec MX293;potentiometers;43676;6542;35;4;20.33;12;128
20901;20026;Potentec YEE32;potentiometers;20901;8529;28;3;20.44;27;398
23366;0;Potentec JGDSL;potentiometers;23366;6542;31;4;203.00;21;210
88227;30039;Potentec NXZLD;potentiometers;88227;8529;21;0;21.99;7;130